メーカー識別掛率集計コード,メーカー識別コード,掛率集計コード,掛率集計名称,掛率集計略称,加工名,得意先1,得意先2,得意先3,得意先4
MK0010,MK,0010,小口加工２ミリ,小口加２,手加工,,,,
MK0020,MK,0020,小口加工３・４ミリ,小口３・４,エッチング　,DM12（東芝・日立・フジテック）,,,
MK0030,MK,0030,小口加工５・６ミリ,小口５・６,エッチング,,,,
MK0040,MK,0040,小口加工６．８ミリ,小口６．８,エッチング,,,,
MK0050,MK,0050,小口加工８～１２ミリ,小口８～１２,エッチング,,,,
MK0060,MK,0060,小口加工１５ミリ以上,小口１５以上,エッチング,,,,
MK0070,MK,0070,広幅面取２ミリ,面取２,広幅,,,,
MK0080,MK,0080,広幅面取３・４ミリ,面取３・４,広幅,,,,
MK0090,MK,0090,広幅面取５・６ミリ,面取５・６,広幅,,,,
MK0100,MK,0100,広幅面取６．８ミリ,面取６．８,広幅,,,,
MK0110,MK,0110,広幅面取８～１２ミリ,面取８～１２,広幅,,,,
MK0120,MK,0120,広幅面取１５ミリ以上,面取１５以上,広幅,,,,
MK0130,MK,0130,ジャロジー５・６ミリ,ジャロ５・６,DM12,,,,
MK0140,MK,0140,ジャロジー６．８ミリ,ジャロ６．８,DM12,,,,
MK0150,MK,0150,ジャロジー８～１２,ジャ８～１２,エッチング,,,,
MK0160,MK,0160,引手加工３・４ミリ,引手３・４,引手,,,,
MK0170,MK,0170,引手加工５・６ミリ,引手５・６,引手,,,,
MK0180,MK,0180,引手加工６．８ミリ,引手６．８,引手,,,,
MK0190,MK,0190,引手加工８～１２ミリ,引手８～１２,引手,,,,
MK0200,MK,0200,引手加工１５ミリ以上,引手１５以上,引手,,,,
MK0210,MK,0210,ＮＣ加工５・６ミリ,ＮＣ５・６,手加工,,,,
MK0220,MK,0220,ＮＣ加工６．８ミリ,ＮＣ６．８,手加工,,,,
MK0230,MK,0230,ＮＣ加工８～１２ミリ,ＮＣ８～１２,手加工,,,,
MK0240,MK,0240,ＮＣ加工１５ミリ以上,ＮＣ１５以上,手加工,,,,
MK0250,MK,0250,コーナーＲ加工３・４ミリ,コＲ３・４,R加工,DM12（東芝・日立・フジテック）,,,
MK0260,MK,0260,コーナーＲ加工５・６ミリ,コＲ５・６,R加工,,,,
MK0270,MK,0270,コーナーＲ加工６．８ミリ,コＲ６．８,R加工,,,,
MK0280,MK,0280,コーナーＲ加工８～１２ミリ,コＲ８～１２,R加工,,,,
MK0290,MK,0290,コーナーＲ加工１５ミリ以上,コＲ１５以上,R加工,,,,
MK0300,MK,0300,穴加工３・４ミリ,穴３・４,穴,,,,
MK0310,MK,0310,穴加工５・６ミリ,穴５・６,穴,,,,
MK0320,MK,0320,穴加工６．８ミリ,穴６．８,穴,,,,
MK0330,MK,0330,穴加工８～１２ミリ,穴８～１２,穴,,,,
MK0340,MK,0340,穴加工１５ミリ以上,穴１５以上,穴,,,,
MK0350,MK,0350,コーナーカット加工３・４ミリ,コカ３・４,コーナーカット,,,,
MK0360,MK,0360,コーナーカット加工５・６ミリ,コカ５・６,コーナーカット,,,,
MK0370,MK,0370,コーナーカット加工６．８ミリ,コカ６．８,コーナーカット,,,,
MK0380,MK,0380,コーナーカット加工８～１２ミリ,コカ８～１２,コーナーカット,,,,
MK0390,MK,0390,コーナーカット加工１５ミリ以上,コカ１５以上,コーナーカット,,,,
MK0400,MK,0400,切欠加工３・４ミリ,切欠３・４,切欠加工,,,,
MK0410,MK,0410,切欠加工５・６ミリ,切欠５・６,切欠加工,,,,
MK0420,MK,0420,切欠加工６．８ミリ,切欠６．８,切欠加工,,,,
MK0430,MK,0430,切欠加工８～１２ミリ,切欠８～１２,切欠加工,,,,
MK0440,MK,0440,切欠加工１５ミリ以上,切欠１５以上,切欠加工,,,,
MK0450,MK,0450,コンセント穴３・４ミリ,コ穴３・４,コンセント穴,,,,
MK0460,MK,0460,コンセント穴５・６ミリ,コ穴５・６,コンセント穴,,,,
MK0470,MK,0470,コンセント穴６．８ミリ,コ穴６．８,コンセント穴,,,,
MK0480,MK,0480,コンセント穴８～１２ミリ,コ穴８～１２,コンセント穴,,,,
MK0490,MK,0490,コンセント穴１５ミリ以上,コ穴１５以上,コンセント穴,,,,
MK0500,MK,0500,エグリ加工３・４ミリ,エグ３・４,エグリ加工,,,,
MK0510,MK,0510,エグリ加工５・６ミリ,エグ５・６,エグリ加工,,,,
MK0520,MK,0520,エグリ加工６．８ミリ,エグ６．８,エグリ加工,,,,
MK0530,MK,0530,エグリ加工８～１２ミリ,エグ８～１２,エグリ加工,,,,
MK0540,MK,0540,エグリ加工１５ミリ以上,エグ１５以上,エグリ加工,,,,
MK0550,MK,0550,角穴加工３・４ミリ,角穴３・４,角穴加工,,,,
MK0560,MK,0560,角穴加工５・６ミリ,角穴５・６,角穴加工,,,,
MK0570,MK,0570,角穴加工６．８ミリ,角穴６．８,角穴加工,,,,
MK0580,MK,0580,角穴加工８～１２ミリ,角穴８～１２,角穴加工,,,,
MK0590,MK,0590,角穴加工１５ミリ以上,角穴１５以上,角穴加工,,,,
MK0591,MK,0591,丁番加工　３・４ミリ,丁番３・４,丁番加工,,,,
MK0593,MK,0593,丁番加工　５・６ミリ,丁番５・６,丁番加工,,,,
MK0595,MK,0595,丁番加工　６．８ミリ,丁番６．８,丁番加工,,,,
MK0597,MK,0597,丁番加工　８～１２ミリ,丁番８～１２,丁番加工,,,,
MK0599,MK,0599,丁番加工　１５ミリ以上,丁番１５以上,丁番加工,,,,
MK0600,MK,0600,その他,その他,,,,,
MK1000,MK,1000,一辺斜切,一辺斜切,エッチングor 手加工,,,,
MK1010,MK,1010,二辺斜切,二辺斜切,エッチングor 手加工,,,,
MK1020,MK,1020,片棚板,片棚板,エッチング　/　手加工,,,,
MK1030,MK,1030,両棚板,両棚板,エッチング　/　手加工,,,,
MK1040,MK,1040,楕円,楕円,手加工,,,,
MK1050,MK,1050,片天Ｒ,片天Ｒ,エッチング　/　手加工,,,,
MK1060,MK,1060,両天Ｒ,両天Ｒ,エッチング　/　手加工,,,,
MK1070,MK,1070,円,円,手加工,,,,
MK1080,MK,1080,１／２円,１／２円,エッチング　/　手加工,,,,
MK1090,MK,1090,１／４円,１／４円,エッチング　/　手加工,,,,
MK1100,MK,1100,扇,扇,手加工,,,,
MK1200,MK,1200,メートル単価　小口加工,メートル単価,,,,,
MK1210,MK,1210,ＢＯＢ加工,ＢＯＢ加工,BOB,,,,
MK1220,MK,1220,＊,＊,,,,,
MK1230,MK,1230,＊,＊,,,,,
MK1240,MK,1240,＊,＊,,,,,
MK5000,MK,5000,＊＊＊　以降テスト環境　＊＊＊,以降テスト環,,,,,
MK5010,MK,5010,小口加工　長方形　５　四方　磨,小長５四磨,エッチング,,,,
MK5011,MK,5011,小口加工　長方形　５　四方　荒,小長５四荒,エッチング,,,,
MK5020,MK,5020,小口加工　長方形　５　長１　磨,小長５長１磨,エッチング,,,,
MK5021,MK,5021,小口加工　長方形　５　長１　荒,小長５長１荒,エッチング,,,,
MK5030,MK,5030,小口加工　長方形　５　短１　磨,小長５短１磨,エッチング,,,,
MK5031,MK,5031,小口加工　長方形　５　短１　荒,小長５短１荒,エッチング,,,,
MK5040,MK,5040,小口加工　長方形　６　四方　磨,小長６四磨,エッチング,,,,
MK5041,MK,5041,小口加工　長方形　６　四方　荒,小長６四荒,エッチング,,,,
MK5050,MK,5050,小口加工　長方形　６　長１　磨,小長６長１磨,エッチング,,,,
MK5051,MK,5051,小口加工　長方形　６　長１　荒,小長６長１荒,エッチング,,,,
MK5060,MK,5060,小口加工　長方形　６　短１　磨,小長６短１磨,エッチング,,,,
MK5061,MK,5061,小口加工　長方形　６　短１　荒,小長６短１荒,エッチング,,,,
MK5070,MK,5070,小口加工　正方形　５　四方　磨,小正５四磨,エッチング,,,,
MK5071,MK,5071,小口加工　正方形　５　四方　荒,小正５四荒,エッチング,,,,
MK5080,MK,5080,小口加工　正方形　５　長１　磨,小正５長１磨,エッチング,,,,
MK5081,MK,5081,小口加工　正方形　５　長１　荒,小正５長１荒,エッチング,,,,
MK5090,MK,5090,小口加工　正方形　５　短１　磨,小正５短１磨,エッチング,,,,
MK5091,MK,5091,小口加工　正方形　５　短１　荒,小正５短１荒,エッチング,,,,
MK5100,MK,5100,引手加工　一般引　片引手　５ミ,引一般片５,引手,,,,
MK5110,MK,5110,引手加工　一般引　片引手　６ミ,引一般片６,引手,,,,
MK5120,MK,5120,コーナーＲ加工　５ミリ　５０Ｒ,Ｒ５５０,手加工　　R加工,,,,
MK5130,MK,5130,コーナーＲ加工　５ミリ　１００,Ｒ５１００,手加工　　R加工,,,,
MK5140,MK,5140,穴加工　５ミリ,穴５,手加工　　穴,,,,
MK5150,MK,5150,穴加工　５ミリ　磨き,穴５磨き,手加工　　穴,,,,
MK5160,MK,5160,角穴加工　５ミリ　５０,角５５０,手加工　　２次加工,,,,
MK5170,MK,5170,角穴加工　５ミリ　１００,角５１００,手加工　　２次加工,,,,
MK5180,MK,5180,広巾面取　長方形　５ミリ　四方,広長５四,広巾,,,,
MK5190,MK,5190,広巾面取　長方形　５ミリ　長１,広長５長１,広巾,,,,
MK5200,MK,5200,広巾面取　長方形　５ミリ　短１,広長５短１,広巾,,,,
MK5210,MK,5210,広巾面取　正方形　５ミリ　四方,広正５四,広巾,,,,
MK5220,MK,5220,広巾面取　正方形　５ミリ　長１,広正５長１,広巾,,,,
MK5230,MK,5230,広巾面取　正方形　５ミリ　長１,広正５短１,広巾,,,,
MK9999,MK,9999,テスト　メートル単価集計,テメートル単,,,,,
,,,,,,,,,
